{
  "College Station, TX": [
    30.6253463,
    -96.3271537
  ],
  "Gotland, Sverige": [
    57.6783173,
    18.6384635860988
  ],
  "Presidente Venceslau, Brasil": [
    -21.7904999,
    -51.8241537461538
  ],
  "Reading, England": [
    51.4580216,
    -0.9673726
  ],
  "Bellaire, TX": [
    29.7057858,
    -95.4588298
  ],
  "Oneonta, NY": [
    42.453492,
    -75.062953
  ],
  "Chapec\u00f3, Brasil": [
    -27.1013103,
    -52.6184669
  ],
  "Pittsburgh, PA": [
    40.4416941,
    -79.990086
  ],
  "Semarang Barat, Indonesia": [
    30.3933795,
    -95.4704202751715
  ],
  "Madrid, Espa\u00f1a": [
    40.4167047,
    -3.7035824
  ],
  "Oakton, VA": [
    38.881385,
    -77.3006468
  ],
  "Jackson, MS": [
    32.4104385,
    -90.162064888255
  ],
  "San Diego, CA": [
    32.7174209,
    -117.1627713
  ],
  "Wyckoff, NJ": [
    40.9986575,
    -74.173086479192
  ],
  "Misiones, Argentina": [
    -26.7372239,
    -54.4315256
  ],
  "Karlskrona, Sverige": [
    56.1621073,
    15.5866422
  ],
  "Coppell, TX": [
    32.958352,
    -96.9881829964861
  ],
  "Para\u00edso, Tabasco": [
    18.3623055,
    -93.1883585891972
  ],
  "Burlington, Ontario": [
    43.3235642,
    -79.8011552
  ],
  "Phoenix, AZ": [
    33.4485866,
    -112.0773455
  ],
  "Kissimmee, FL": [
    28.2920249,
    -81.4078012
  ],
  "Paranagu\u00e1, Brasil": [
    -25.5238477,
    -48.5180184
  ],
  "Vila Sacadura Cabral, Santo Andr\u00e9": [
    -23.6587254,
    -46.5577237695413
  ],
  "Cleveland, OH": [
    41.5051613,
    -81.6934445
  ],
  "Dublin City, Ireland": [
    53.35457385,
    -6.28105931973511
  ],
  "Victoria Island, Nigeria": [
    6.433333,
    3.433333
  ],
  "Lakeland, FL": [
    28.0394654,
    -81.9498041
  ],
  "Shaker Heights, OH": [
    41.4739419,
    -81.537067
  ],
  "Piracicaba, Brasil": [
    -22.7252799,
    -47.6491699
  ],
  "Hurlingham, Argentina": [
    -34.5933422,
    -58.6378404
  ],
  "Fresno, TX": [
    29.5388465,
    -95.4474413
  ],
  "Murray, UT": [
    40.6667841,
    -111.8884169
  ],
  "Norwalk, CA": [
    33.9092802,
    -118.0849168
  ],
  "Tampa, FL": [
    27.9477595,
    -82.4584439
  ],
  "South Valley Stream, NY": [
    40.6559368,
    -73.7176314
  ],
  "Messias Targino, Brasil": [
    -6.08401295,
    -37.5167828620915
  ],
  "San Rafael del Yuma, Dominican Republic": [
    18.4301115,
    -68.6730602
  ],
  "Aguadilla, Puerto Rico": [
    18.44963305,
    -67.1184709973214
  ],
  "Manzanillo, Colima": [
    19.12765695,
    -104.284125530077
  ],
  "Huixquilucan, M\u00e9xico": [
    19.37093275,
    -99.3568073324691
  ],
  "Virginia, USA": [
    43.6529206,
    -79.3849007
  ],
  "Ubatuba, Brasil": [
    -23.4331619,
    -45.0834149
  ],
  "Salt Lake City, UT": [
    40.9115386,
    -73.7826362
  ],
  "Sugar Land, TX": [
    29.6196787,
    -95.6349462
  ],
  "Granada, Espa\u00f1a": [
    37.1830197,
    -3.6021919
  ],
  "S\u00e3o Sebasti\u00e3o, Brasil": [
    -23.8027865,
    -45.4070526
  ],
  "Porto Rico, Brasil": [
    -22.7747419,
    -53.2677309
  ],
  "Bigua\u00e7u, Brasil": [
    -27.4960039,
    -48.6597899
  ],
  "Reno, NV": [
    39.52927,
    -119.8136743
  ],
  "Winnebago, IL": [
    42.3255276,
    -89.1496573
  ],
  "Druid Hills, GA": [
    33.78466465,
    -84.3299619776606
  ],
  "Pathum Wan, Thailand": [
    13.747322,
    100.5311764
  ],
  "Maracana\u00fa, Brasil": [
    -3.8779437,
    -38.6247696
  ],
  "St Augustine, FL": [
    29.8946952,
    -81.3145394
  ],
  "Missouri, USA": [
    38.7604815,
    -92.5617874
  ],
  "Itapema, Brasil": [
    -27.0948441,
    -48.614298
  ],
  "Marquette, MI": [
    46.5434914,
    -87.3964329
  ],
  "Springdale, NJ": [
    39.879944,
    -74.973553602297
  ],
  "Campinas, Brasil": [
    -22.9055599,
    -47.0608299
  ],
  "Araraquara, Brasil": [
    -21.7886712,
    -48.1773095
  ],
  "New Rochelle, NY": [
    40.9115386,
    -73.7826362
  ],
  "Campina Grande, Brasil": [
    -7.2246742,
    -35.8771291
  ],
  "London, England": [
    51.5073219,
    -0.1276473
  ],
  "Marlton, NJ": [
    39.9005585,
    -74.9338909558902
  ],
  "Bandung Kulon, Indonesia": [
    57.3112337,
    22.3326034
  ],
  "South Carolina, USA": [
    33.6874388,
    -80.4363742
  ],
  "Gastonia, NC": [
    35.262082,
    -81.1873004
  ],
  "Porto Ferreira, Brasil": [
    -21.8469999,
    -47.4619499
  ],
  "Serra Negra, Brasil": [
    -22.6122199,
    -46.7005599
  ],
  "Lebanon": [
    33.8750629,
    35.843409
  ],
  "Ohio, USA": [
    40.2253569,
    -82.6881394
  ],
  "Santos, Brasil": [
    -23.9608329,
    -46.3338889
  ],
  "Olinda, Brasil": [
    -7.99864,
    -34.8459551
  ],
  "Florida, USA": [
    27.7567667,
    -81.4639834
  ],
  "LIRR - Port Washington Station": [
    40.83021,
    -73.6877784
  ],
  "Salta, Argentina": [
    -24.7893822,
    -65.4101932
  ],
  "San Francisco, CA": [
    19.2587373,
    -99.4177777597143
  ],
  "Tanjong Kling, Melaka": [
    null,
    null
  ],
  "Cathedral City, CA": [
    33.7810031,
    -116.4640764
  ],
  "New Palestine, IN": [
    -19.9227317,
    -43.9450947
  ],
  "Petersfield, England": [
    51.0050388,
    -0.928323454454398
  ],
  "Guayaquil, Ecuador": [
    -2.181193,
    -79.8765572
  ],
  "Bethel, CT": [
    41.3712063,
    -73.4140096
  ],
  "Albuquerque, NM": [
    35.0841034,
    -106.650985
  ],
  "Caguas, Puerto Rico": [
    18.2345399,
    -66.0351315
  ],
  "Lisbon, IA": [
    41.9211198,
    -91.3854465
  ],
  "Baytown, TX": [
    29.8192545,
    -94.9359065645235
  ],
  "Fort Lauderdale, FL": [
    26.1223084,
    -80.1433785
  ],
  "Campana, Argentina": [
    -34.163663,
    -58.9586836
  ],
  "Guanacaste, Costa Rica": [
    10.5130866,
    -85.5287172
  ],
  "King, NC": [
    36.280694,
    -80.3592196
  ],
  "Knoxville, TN": [
    35.9603948,
    -83.921026
  ],
  "San Joaquin, CA": [
    37.9372901,
    -121.2773718
  ],
  "Jo\u00e3o Monlevade, Brasil": [
    -19.8094439,
    -43.1733339
  ],
  "Brookhaven, GA": [
    33.8584368,
    -84.3402029
  ],
  "Republic of Croatia": [
    45.5643442,
    17.0118954
  ],
  "Nova Igua\u00e7u, Brasil": [
    -22.7592174,
    -43.4508727
  ],
  "Allentown, PA": [
    40.6022059,
    -75.4712793
  ],
  "Itapeva, Brasil": [
    -22.7690637,
    -46.2219339
  ],
  "Atlanta, GA": [
    33.7490987,
    -84.3901848
  ],
  "Minnesota, USA": [
    45.9896587,
    -94.6113287
  ],
  "Coyoac\u00e1n, Distrito Federal": [
    19.330465,
    -99.152767
  ],
  "Salvador, Brazil": [
    -12.9822498,
    -38.4812771
  ],
  "Royal Troon Golf Club": [
    55.52595075,
    -4.63866252903778
  ],
  "Miranda, Venezuela": [
    10.25,
    -66.4166669
  ],
  "Woodbury, NY": [
    41.3645382,
    -74.1059774
  ],
  "Brisbane, Queensland": [
    -27.4689681,
    153.0234991
  ],
  "Roswell, GA": [
    34.02332,
    -84.3600219
  ],
  "San Nicol\u00e1s de los Garza, Nuevo Le\u00f3n": [
    25.73584235,
    -100.266494416522
  ],
  "Boston, MA": [
    42.3604823,
    -71.0595677
  ],
  "Richmond, VA": [
    37.5385087,
    -77.4342799
  ],
  "S\u00e3o Bernardo do Campo, Brasil": [
    -23.690102,
    -46.5629623
  ],
  "Bahamas": [
    24.7736546,
    -78.0000546
  ],
  "Serra, Brasil": [
    -20.125296,
    -40.3064476
  ],
  "Aruj\u00e1, Brasil": [
    -23.3964759,
    -46.3199829
  ],
  "Petare, Venezuela": [
    10.4772529,
    -66.8086249
  ],
  "McKinney, TX": [
    33.1976496,
    -96.615447
  ],
  "Framingham, MA": [
    42.2792625,
    -71.4161719
  ],
  "Chesapeake, VA": [
    36.7183708,
    -76.2466797
  ],
  "St Matthews, KY": [
    38.2467425,
    -85.6466725364578
  ],
  "St Andrews, SC": [
    34.0487628,
    -81.1031493
  ],
  "Florian\u00f3polis, Brasil": [
    -27.5973001,
    -48.5496097
  ],
  "Vododara, India": [
    null,
    null
  ],
  "Galena Park, TX": [
    40.9115386,
    -73.7826362
  ],
  "Martinique": [
    14.6113732,
    -60.9620776
  ],
  "Inconfidentes, Brasil": [
    -22.3169449,
    -46.3277779
  ],
  "Pedro Leopoldo, Brasil": [
    -19.6177779,
    -44.0430549
  ],
  "Port Harcourt, Nigeria": [
    4.7676576,
    7.0188527
  ],
  "Bragan\u00e7a Paulista, Brasil": [
    -22.9520234,
    -46.5418585
  ],
  "Santa Maria, Brasil": [
    -29.6860511,
    -53.8069213
  ],
  "Morelia, Michoac\u00e1n de Ocampo": [
    19.7027684,
    -101.1923187
  ],
  "Honolulu, HI": [
    21.304547,
    -157.8556763
  ],
  "Benito Ju\u00e1rez, Quintana Roo": [
    20.98154135,
    -87.0750071863356
  ],
  "Celaya, Guanajuato": [
    20.5218353,
    -100.8140015
  ],
  "Irati, Brasil": [
    -25.4696629,
    -50.6492869
  ],
  "Ara\u00e7atuba, Brasil": [
    -21.2079919,
    -50.4390224
  ],
  "Williamstown, NJ": [
    39.6862263,
    -74.9951679
  ],
  "Santo Domingo Oeste, Dominican Republic": [
    18.46246225,
    -69.9919036044216
  ],
  "Friendswood, TX": [
    29.5293998,
    -95.2010446
  ],
  "South Whittier, CA": [
    33.9435081,
    -118.0347826
  ],
  "Murtoa, Victoria": [
    -36.619433,
    142.4678219
  ],
  "Washington, USA": [
    38.8949549,
    -77.0366455
  ],
  "East Los Angeles, CA": [
    34.0239015,
    -118.1720156
  ],
  "Shelbyville, TN": [
    35.483406,
    -86.4602716
  ],
  "Mesquita, Brasil": [
    -22.7830919,
    -43.4293598
  ],
  "The Woodlands, TX": [
    30.1734194,
    -95.5046859
  ],
  "Taubat\u00e9, Brasil": [
    -23.0314479,
    -45.5612791
  ],
  "Little Elm, TX": [
    33.1626194,
    -96.937505
  ],
  "Elmont, NY": [
    40.700936,
    -73.7129089
  ],
  "Fraiburgo, Brasil": [
    -27.0232879,
    -50.9199779
  ],
  "Temuco, Chile": [
    -38.7400297,
    -72.590137
  ],
  "S\u00e3o Jo\u00e3o de Meriti, Brasil": [
    -22.8043743,
    -43.3724124
  ],
  "Barra do Turvo, Brasil": [
    -24.875423,
    -48.4253400166667
  ],
  "Pleasant Hill, CA": [
    37.9479786,
    -122.0607962
  ],
  "St Cloud, FL": [
    28.2498534,
    -81.2839037
  ],
  "S\u00e3o Paulo, Brasil": [
    -23.5506506,
    -46.6333823
  ],
  "Liverpool, England": [
    53.4054719,
    -2.9805392
  ],
  "Buda, TX": [
    30.05794655,
    -97.8393918765088
  ],
  "San Borja, Peru": [
    -12.09645145,
    -76.9956763090703
  ],
  "Elwood, NY": [
    40.8453761,
    -73.3351178
  ],
  "Maidstone, South East": [
    51.2748258,
    0.5231646
  ],
  "Webster Groves, MO": [
    38.586494,
    -90.3557750772251
  ],
  "Effingham, IL": [
    39.1201433,
    -88.5434799
  ],
  "Akron, OH": [
    41.0830643,
    -81.5184853
  ],
  "Eugene, OR": [
    44.0505054,
    -123.0950505
  ],
  "Victoria, Guanajuato": [
    21.3863845,
    -100.238895195087
  ],
  "Alvin, TX": [
    29.4238472,
    -95.2441008
  ],
  "Canberra City, Canberra": [
    -35.28120665,
    149.128765787384
  ],
  "Batang Padang, Perak": [
    4.1398186,
    101.1509939
  ],
  "Rochester": [
    43.1572851,
    -77.615214
  ],
  "Songkhla, Thailand": [
    7.1418047,
    100.580510926118
  ],
  "Tongeren, Belgi\u00eb": [
    50.7810151,
    5.4648131
  ],
  "Uberl\u00e2ndia, Brasil": [
    -18.918804,
    -48.2767836
  ],
  "Goleta, CA": [
    34.4358295,
    -119.8276388
  ],
  "Auburn, CA": [
    38.8945939,
    -121.0739896
  ],
  "Sales\u00f3polis, Brasil": [
    -23.5288049,
    -45.8465299
  ],
  "Kansas, USA": [
    38.27312,
    -98.5821871
  ],
  "Riyadh, Kingdom of Saudi Arabia": [
    24.6319692,
    46.7150648
  ],
  "Humble, TX": [
    29.9988312,
    -95.2621552
  ],
  "Vit\u00f3ria, Brasil": [
    -20.2996825,
    -40.3016326
  ],
  "Pelotas, Brasil": [
    -31.7700103,
    -52.3411542
  ],
  "Cuba": [
    23.0131338,
    -80.8328747
  ],
  "Cuauht\u00e9moc, Distrito Federal": [
    19.4296141,
    -99.1484168
  ],
  "Edinburgh, Scotland": [
    55.9483544,
    -3.1931186
  ],
  "Sixteen Mile Stand, OH": [
    39.2728366,
    -84.3274339
  ],
  "Porto Alegre, Brazil": [
    -30.0282657,
    -51.2284269
  ],
  "Manhattan, NY": [
    40.7902778,
    -73.9597221
  ],
  "Rio Brilhante, Brasil": [
    -21.9314181,
    -54.6538106
  ],
  "Mesa, AZ": [
    33.4153143,
    -111.831264
  ],
  "Hanover, Germany": [
    52.3744779,
    9.7385532
  ],
  "Vila Velha, Brasil": [
    -20.3409015,
    -40.2921741
  ],
  "Franca, Brasil": [
    -20.5381767,
    -47.4009794
  ],
  "La Marque, TX": [
    29.3685674,
    -94.9713133
  ],
  "Bengaluru, India": [
    12.9791198,
    77.5912997
  ],
  "Alexandria, VA": [
    38.8051095,
    -77.0470228
  ],
  "Kalimantan Selatan, Indonesia": [
    43.6529206,
    -79.3849007
  ],
  "Barranquilla, Colombia": [
    11.04667645,
    -74.8490503668463
  ],
  "Cloverleaf, TX": [
    29.7782823,
    -95.1718771
  ],
  "La Porte, TX": [
    29.6657838,
    -95.0193728
  ],
  "Holland, MI": [
    42.7876022,
    -86.1090827
  ],
  "Accra, Ghana": [
    5.5600141,
    -0.2057436
  ],
  "Petr\u00f3polis, Brasil": [
    -22.5199629,
    -43.1926129
  ],
  "Naucalpan de Ju\u00e1rez, M\u00e9xico": [
    19.47436575,
    -99.2912448087765
  ],
  "Lindenwold, NJ": [
    39.81812,
    -74.9799621177783
  ],
  "Antofagasta, Chile": [
    -23.646374,
    -70.3980032
  ],
  "Trophy Ridge, San Antonio": [
    29.654006,
    -98.4732708
  ],
  "Itapecerica da Serra, Brasil": [
    -23.7176302,
    -46.8492434
  ],
  "Lorena, Brasil": [
    -22.7749999,
    -45.0717499
  ],
  "Centro, Tabasco": [
    18.0271663,
    -92.7747840052769
  ],
  "Sacramento, CA": [
    38.5815719,
    -121.4943995
  ],
  "Kenner, LA": [
    29.9942265,
    -90.2417805
  ],
  "Hunters Creek Village, TX": [
    29.7705062,
    -95.4954972
  ],
  "Guarulhos, Brasil": [
    -23.4430601,
    -46.5244589
  ],
  "McAllen, TX": [
    26.2043691,
    -98.2300819
  ],
  "Bamberg, SC": [
    33.2130154,
    -81.0166234
  ],
  "C\u00f3rdoba, Argentina": [
    -25.4295696,
    -49.2712361
  ],
  "Dunedin City, New Zealand": [
    -45.6404441,
    170.228864356164
  ],
  "Eagle River, AK": [
    61.315196,
    -149.6351853
  ],
  "Lebanon, TN": [
    36.208065,
    -86.2905051
  ],
  "Concepci\u00f3n, Chile": [
    -36.8233228,
    -73.0474342
  ],
  "Huntersville, NC": [
    35.410845,
    -80.8429093
  ],
  "Twentynine Palms Base, CA": [
    null,
    null
  ],
  "Pau dos Ferros, Brasil": [
    -6.10729495,
    -38.1912685514706
  ],
  "Laurel, VA": [
    36.9167619,
    -82.8312724
  ],
  "Pennsylvania, USA": [
    40.9699889,
    -77.727883
  ],
  "M\u00e9rida, Yucat\u00e1n": [
    20.9671405,
    -89.6236999
  ],
  "Ciudad Aut\u00f3noma de Buenos Aires, Argentina": [
    -34.6143904,
    -58.4460878
  ],
  "Rio Claro, Brasil": [
    -22.4108329,
    -47.5608329
  ],
  "Colorado Springs, CO": [
    45.3570983,
    -122.8403569
  ],
  "Lakewood, OH": [
    41.4819932,
    -81.7981907
  ],
  "Tallahassee, FL": [
    30.4380832,
    -84.2809331
  ],
  "Rio das Ostras, Brasil": [
    -25.8426943,
    -48.6286536
  ],
  "Columbus, OH": [
    39.9622601,
    -83.0007064
  ],
  "Sandton, South Africa": [
    -26.0682405,
    28.0479844
  ],
  "Piltenes pagasts, Latvija": [
    null,
    null
  ],
  "Barrington, IL": [
    42.1539141,
    -88.1361887
  ],
  "Rio de Janeiro, Brazil": [
    -22.9110136,
    -43.2093726
  ],
  "Cynthiana, KY": [
    38.3903526,
    -84.2941012
  ],
  "Caleta Olivia, Argentina": [
    -46.4421169,
    -67.5175068
  ],
  "Palm Coast, FL": [
    29.5541432,
    -81.2207672
  ],
  "Pikesville, MD": [
    39.3745035,
    -76.7227287
  ],
  "Vi\u00e7osa, Brasil": [
    43.6529206,
    -79.3849007
  ],
  "Kemah, TX": [
    29.5427297,
    -95.0204836
  ],
  "McCandless, PA": [
    41.05028,
    -80.1516699
  ],
  "Soshanguve, South Africa": [
    -25.5263888,
    28.0994444
  ],
  "Miami Beach, FL": [
    25.7881436,
    -80.1272704
  ],
  "Campos dos Goytacazes, Brasil": [
    40.9115386,
    -73.7826362
  ],
  "Lake Charles, LA": [
    30.2265949,
    -93.2173758
  ],
  "Tempe, AZ": [
    33.4144139,
    -111.9094473
  ],
  "Guarapuava, Brasil": [
    -25.3950985,
    -51.4622015
  ],
  "Conroe, TX": [
    30.3933795,
    -95.4704202751715
  ],
  "Tiet\u00ea, Brasil": [
    -23.1100979,
    -47.7163779
  ],
  "Durham, NC": [
    35.9940329,
    -78.8986189
  ],
  "Oceanside, CA": [
    33.1958696,
    -117.3794833
  ],
  "M\u00e9rida, Venezuela": [
    8.5974293,
    -71.1443028
  ],
  "Carolina, Puerto Rico": [
    18.36402775,
    -65.9526467497241
  ],
  "Macap\u00e1, Brasil": [
    0.0460699,
    -51.0693237
  ],
  "Colorado, USA": [
    38.7251776,
    -105.6077166
  ],
  "Staten Island, NY": [
    40.5834557,
    -74.1496047
  ],
  "Sosua, Dominican Republic": [
    19.7666467,
    -70.5126226
  ],
  "Hampton, VA": [
    37.0300969,
    -76.3452056
  ],
  "New Jersey, USA": [
    40.0757384,
    -74.4041621
  ],
  "Alfenas, Brasil": [
    -21.4297404,
    -45.9479418
  ],
  "Dubl\u00edn, Irlanda": [
    53.3497645,
    -6.2602731
  ],
  "Winter Park, FL": [
    28.6000625,
    -81.3427437436485
  ],
  "Redding, CA": [
    29.7782823,
    -95.1718771
  ],
  "Newark, DE": [
    39.6852191,
    -75.7508288
  ],
  "S\u00e3o Jos\u00e9 de Ribamar, Brasil": [
    -2.5609114,
    -44.0559508
  ],
  "Duque de Caxias, Brasil": [
    -22.7896224,
    -43.3099289
  ],
  "Raleigh, NC": [
    35.7804015,
    -78.6390778
  ],
  "Ocala, FL": [
    29.1871986,
    -82.1400922
  ],
  "Natal, Brasil": [
    -5.8053979,
    -35.2080904
  ],
  "Cuiab\u00e1, Brasil": [
    -15.5986685,
    -56.09913
  ],
  "Tebet, Indonesia": [
    -6.2255379,
    106.849528955581
  ],
  "Edmonton, Alberta": [
    53.5343609,
    -113.5065084
  ],
  "Holmdel, NJ": [
    40.3451095,
    -74.1840321
  ],
  "Westborough, MA": [
    42.2694308,
    -71.6129906
  ],
  "Tanah Abang, Indonesia": [
    -6.205258,
    106.809499619531
  ],
  "Sioux Falls, SD": [
    43.5499749,
    -96.7003269
  ],
  "Las Vegas, NV": [
    36.1662859,
    -115.1492249
  ],
  "S\u00e3o Vicente, Brasil": [
    -23.9603685,
    -46.3847023
  ],
  "Tubar\u00e3o, Brasil": [
    -28.4714879,
    -49.0141319
  ],
  "Seattle, WA": [
    47.6038321,
    -122.3300623
  ],
  "Tuxtla Guti\u00e9rrez, Chiapas": [
    16.74521845,
    -93.1418085426027
  ],
  "Dourados, Brasil": [
    -22.2206144,
    -54.8122079
  ],
  "Juneau, AK": [
    58.3019496,
    -134.4197339
  ],
  "Fresno, CA": [
    36.7394421,
    -119.7848306
  ],
  "Brazil": [
    -10.3333332,
    -53.1999999
  ],
  "R\u00edo Gallegos, Argentina": [
    -51.623269,
    -69.2161789
  ],
  "Wandsworth, London": [
    51.4570271,
    -0.1932606
  ],
  "Tampin Tengah, Negeri Sembilan": [
    null,
    null
  ],
  "\u00c5storp, Sverige": [
    56.1351211,
    12.9462464
  ],
  "Extremoz, Brasil": [
    -5.7014329,
    -35.3048399
  ],
  "Bento Gon\u00e7alves, Brasil": [
    -29.165417,
    -51.5209305
  ],
  "Central, Paraguay": [
    -25.4999999,
    -57.4999999
  ],
  "Hagerstown, MD": [
    39.6419219,
    -77.720264
  ],
  "Itaquaquecetuba, Brasil": [
    -23.4858344,
    -46.3477805
  ],
  "R\u0113zekne, Latvija": [
    56.506281,
    27.3306623
  ],
  "Valinhos, Brasil": [
    -22.9705599,
    -46.9958299
  ],
  "Liberty, TX": [
    30.0501565,
    -94.8036268553049
  ],
  "Colombo, Brasil": [
    -25.2925438,
    -49.2243471
  ],
  "Bucaramanga, Colombia": [
    7.16666325,
    -73.104476570627
  ],
  "Aspen, CO": [
    39.1911128,
    -106.8235605
  ],
  "Massachusetts, USA": [
    42.3788774,
    -72.0323659
  ],
  "Chatou, France": [
    48.8987,
    2.15122
  ],
  "Springfield, PA": [
    40.5249235,
    -75.2875279647195
  ],
  "Cruzeiro, Brasil": [
    -4.3188404,
    -38.8914021
  ],
  "Larchmont, NY": [
    40.9115386,
    -73.7826362
  ],
  "Varenna, Lombard\u00eda": [
    46.010243,
    9.2842697
  ],
  "Attleboro, MA": [
    41.9445441,
    -71.2856081
  ],
  "Guaynabo, Puerto Rico": [
    18.3669214,
    -66.1139499
  ],
  "Bronx, NY": [
    40.8527855,
    -73.8390537935388
  ],
  "Shawnee, KS": [
    39.0416718,
    -94.7202375
  ],
  "Conway, AR": [
    35.0886963,
    -92.442101
  ],
  "Takoma Park, MD": [
    38.9778882,
    -77.0074764
  ],
  "Miguel Hidalgo, Distrito Federal": [
    41.4739419,
    -81.537067
  ],
  "Mount Laurel, NJ": [
    39.934002,
    -74.8909987
  ],
  "United Kingdom": [
    54.7023545,
    -3.2765752
  ],
  "Plata, Puerto Rico": [
    18.1584387,
    -66.2377194760238
  ],
  "Curacav\u00ed, Chile": [
    -33.4022508,
    -71.1293813
  ],
  "S\u00e3o Sebasti\u00e3o do Para\u00edso, Brasil": [
    -20.9169449,
    -46.9913889
  ],
  "Vinhedo, Brasil": [
    -23.0297199,
    -46.9752799
  ],
  "Ottawa, Ontario": [
    45.4210328,
    -75.6900218
  ],
  "Caracas, Venezuela": [
    10.4885375,
    -66.8791738
  ],
  "Ferndale, MI": [
    42.4605917,
    -83.1346477
  ],
  "Galveston, TX": [
    29.299328,
    -94.7945881
  ],
  "Scotland, United Kingdom": [
    56.7861112,
    -4.1140517
  ],
  "Sindelfingen, Deutschland": [
    48.7084162,
    9.0035455
  ],
  "Contorno, USA": [
    18.38086885,
    -66.2617174044397
  ],
  "Ocean View, DE": [
    38.5451122,
    -75.0890708
  ],
  "Fairhope, AL": [
    30.5440335,
    -87.8582170430832
  ],
  "Davidson, NC": [
    35.7902384,
    -80.2115052
  ],
  "Charlotte, NC": [
    35.2270869,
    -80.8431267
  ],
  "Cinco Ranch, TX": [
    29.7388418,
    -95.7580047
  ],
  "Omaha, NE": [
    41.2587317,
    -95.9378731
  ],
  "Denver, CO": [
    39.7391536,
    -104.9847033
  ],
  "Fortaleza, Brasil": [
    -3.7304511,
    -38.5217988
  ],
  "Medell\u00edn, Colombia": [
    6.2443382,
    -75.5735529
  ],
  "Cincinnati, OH": [
    39.1014537,
    -84.5124601
  ],
  "Tuscaloosa, AL": [
    33.2668398,
    -87.4862181
  ],
  "Parker, TX": [
    32.7599475,
    -97.7935766
  ],
  "Arkansas, USA": [
    35.2048883,
    -92.4479107
  ],
  "Lethbridge, Alberta": [
    49.6932413,
    -112.8509388
  ],
  "Morong, Calabarzon": [
    14.5151374,
    121.2380858
  ],
  "S\u0113me, Latvija": [
    57.3112337,
    22.3326034
  ],
  "Mount Pleasant, SC": [
    32.7940651,
    -79.862585
  ],
  "Dallas, TX": [
    32.7762719,
    -96.7968558
  ],
  "Cabo Frio, Brasil": [
    -22.8804368,
    -42.0189226
  ],
  "Aracaju, Brasil": [
    -10.916206,
    -37.0774654
  ],
  "St Paul, MN": [
    44.9504037,
    -93.1015025
  ],
  "Providence, RI": [
    41.8239891,
    -71.4128342
  ],
  "Oak Lawn, IL": [
    41.7108662,
    -87.758108
  ],
  "Fountain Hills, AZ": [
    33.6117105,
    -111.7173612
  ],
  "Riverview, FL": [
    27.871197,
    -82.3269882
  ],
  "Indaiatuba, Brasil": [
    -23.0902799,
    -47.2180599
  ],
  "Davao City, Davao Region": [
    7.06126355,
    125.60807109126
  ],
  "Lomas de Zamora, Argentina": [
    -34.7573681,
    -58.4020374
  ],
  "Paloma Creek South, TX": [
    29.559066,
    -98.6542669
  ],
  "Mogi Mirim, Brasil": [
    -22.4330089,
    -46.9581628
  ],
  "Brooklyn, NY": [
    40.6501038,
    -73.9495822
  ],
  "Batatais, Brasil": [
    -20.8928669,
    -47.5921489
  ],
  "S\u00e3o Jos\u00e9 dos Campos, Brasil": [
    -23.1806358,
    -45.8906616
  ],
  "anto Domingo de Guzm\u00e1n, Dominican Republic": [
    null,
    null
  ],
  "Pecan Grove, TX": [
    29.6260681,
    -95.7316155
  ],
  "Tampico, Tamaulipas": [
    22.2170473,
    -97.8463661
  ],
  "Fajardo, Puerto Rico": [
    18.3278026,
    -65.6561831207489
  ],
  "Nantes, France": [
    47.2186371,
    -1.5541361
  ],
  "Colombia": [
    2.893108,
    -73.7845142
  ],
  "Porto Velho, Brasil": [
    -8.7494524,
    -63.8735437
  ],
  "Sun Prairie, WI": [
    43.1834579,
    -89.2134358
  ],
  "Swissvale, PA": [
    40.4236801,
    -79.8828274
  ],
  "Bensenville, IL": [
    41.9538384,
    -87.943178
  ],
  "Nova Friburgo, Brasil": [
    -22.2800003,
    -42.5325302
  ],
  "Kaduna, Nigeria": [
    10.3825318,
    7.8533226
  ],
  "Hig\u00fcey, Dominican Republic": [
    18.6127983,
    -68.7119821
  ],
  "Centerville, OH": [
    39.6283928,
    -84.1593817
  ],
  "Tigre, Argentina": [
    -34.4226933,
    -58.580906
  ],
  "Coral Gables, FL": [
    25.6905515,
    -80.235008879837
  ],
  "\u010cesk\u00e1 republika": [
    49.8167003,
    15.4749544
  ],
  "Kensington, London": [
    51.4989948,
    -0.1991228
  ],
  "S\u00e3o Leopoldo, Brasil": [
    -29.7544404,
    -51.1516496
  ],
  "Lincoln, NE": [
    40.7999998,
    -96.6678212
  ],
  "Dominican Republic": [
    19.0974031,
    -70.3028025
  ],
  "Panam\u00e1": [
    8.3096067,
    -81.3066245
  ],
  "Baltimore, MD": [
    39.2908608,
    -76.6108072
  ],
  "Smyrna, TN": [
    35.9828413,
    -86.5186044
  ],
  "Northbrook, IL": [
    42.1296875,
    -87.8305419
  ],
  "Prince Edward County, Ontario": [
    43.953267,
    -77.075633442852
  ],
  "Richmond, CA": [
    37.9357576,
    -122.3477485
  ],
  "Cabo de Santo Agostinho, Brasil": [
    -8.291019,
    -35.0825602375
  ],
  "Coronel de Marina Leonardo Rosales, Argentina": [
    -38.7647227,
    -61.9201637
  ],
  "Thung Maha Mek, Thailand": [
    13.7200471,
    100.5358513
  ],
  "Neiva, Colombia": [
    3.0332673,
    -75.2794422959783
  ],
  "Yopal, Colombia": [
    5.3356662,
    -72.393693
  ],
  "Laren, Nederland": [
    52.24253135,
    5.21624403043807
  ],
  "Barueri, Brasil": [
    -23.5112183,
    -46.8764611
  ],
  "Salem, WI": [
    44.6230229,
    -92.3574061
  ],
  "Deer Park, TX": [
    29.7052284,
    -95.1238203
  ],
  "Burlingame, CA": [
    37.5841026,
    -122.3660824
  ],
  "Everett, WA": [
    -25.0891684,
    -50.1601811
  ],
  "Douglasville, GA": [
    33.7514966,
    -84.7477135
  ],
  "Austin, TX": [
    30.2711286,
    -97.7436994
  ],
  "Iguape, Brasil": [
    -24.7042691,
    -47.5563732
  ],
  "Oriente, Puerto Rico": [
    18.4130969,
    -66.03343548104
  ],
  "San Antonio, TX": [
    29.4246002,
    -98.4951404
  ],
  "Juiz de Fora, Brasil": [
    -21.7609532,
    -43.3501128
  ],
  "East Syracuse, NY": [
    43.0653446,
    -76.0785331
  ],
  "Downtown Jacksonville, FL": [
    30.3263115,
    -81.6565172
  ],
  "Boise, ID": [
    43.61656,
    -116.2008349
  ],
  "North Carolina, USA": [
    35.6729639,
    -79.0392918
  ],
  "Puerto Rico, USA": [
    18.2017809,
    -66.5841245
  ],
  "Calgary, Alberta": [
    51.0530588,
    -114.0625613
  ],
  "Jacare\u00ed, Brasil": [
    -23.3052799,
    -45.9658299
  ],
  "Clifton, England": [
    51.4615884,
    -2.6202845
  ],
  "El Paso, TX": [
    31.8111305,
    -106.501349295577
  ],
  "Venezuela": [
    8.0018709,
    -66.1109317
  ],
  "Volta Redonda, Brasil": [
    -22.5225496,
    -44.1040127
  ],
  "Wellington, FL": [
    26.6586779,
    -80.2414356
  ],
  "Crna Gora": [
    43.0285558,
    19.291739
  ],
  "Mielec, Polska": [
    50.2892506,
    21.4243685
  ],
  "Clarksville, TN": [
    36.5285918,
    -87.3098695
  ],
  "Ann Arbor, MI": [
    42.2681569,
    -83.731229
  ],
  "Italia": [
    42.6384261,
    12.674297
  ],
  "Oca\u00f1a, Colombia": [
    8.1758238,
    -73.3670105
  ],
  "Goi\u00e2nia, Brasil": [
    -16.6808819,
    -49.253269
  ],
  "Turnersville, NJ": [
    39.77317,
    -75.0512812
  ],
  "La Riviera, CA": [
    38.568972,
    -121.351801220501
  ],
  "California, USA": [
    36.7014631,
    -118.7559973
  ],
  "Des Moines, WA": [
    41.5910641,
    -93.6037148
  ],
  "North Charleston, SC": [
    32.8546197,
    -79.9748102
  ],
  "Brasil": [
    -10.3333332,
    -53.1999999
  ],
  "Makaha, HI": [
    21.4665875,
    -158.216071367236
  ],
  "Elk Grove Village, IL": [
    42.0041236,
    -87.9706456
  ],
  "East Brunswick, NJ": [
    40.4278841,
    -74.4159839
  ],
  "Farmington Hills, MI": [
    42.4853125,
    -83.3771552
  ],
  "Serang, Indonesia": [
    -6.1169661,
    106.1518079
  ],
  "Oklahoma, USA": [
    34.9550817,
    -97.2684062
  ],
  "\u041e\u0434\u0435\u0441\u0441\u043a\u0438\u0439 \u0440\u0430\u0439\u043e\u043d, \u0420\u043e\u0441\u0441\u0438\u044f": [
    54.150939,
    72.8746329727946
  ],
  "Indio, CA": [
    33.7192808,
    -116.2188053
  ],
  "Cascavel, Brasil": [
    -24.9616761,
    -53.4360665
  ],
  "Johnson, AR": [
    35.5600697,
    -93.4550107
  ],
  "Lubbock, TX": [
    33.5778631,
    -101.8551664
  ],
  "Arlington Heights, IL": [
    42.0812678,
    -87.9800661
  ],
  "Coral Springs, FL": [
    26.26485615,
    -80.2653419379876
  ],
  "Caraguatatuba, Brasil": [
    -23.6202799,
    -45.4130599
  ],
  "Beverly Hills, CA": [
    34.0736204,
    -118.4003562
  ],
  "Arlington, VA": [
    38.8903961,
    -77.0841584
  ],
  "Oklahoma City, OK": [
    35.4729886,
    -97.5170535
  ],
  "Matias Barbosa, Brasil": [
    -21.8691642,
    -43.3180623
  ],
  "Caldwell, NJ": [
    40.8398218,
    -74.2765365
  ],
  "Pinehurst, NC": [
    35.1954345,
    -79.4694766
  ],
  "Foz do Igua\u00e7u, Brasil": [
    -25.5208725,
    -54.5763081
  ],
  "Gen. Santos City, Soccsksargen": [
    6.1137615,
    125.1622537
  ],
  "San Ant\u00f3n, Puerto Rico": [
    18.3882174,
    -65.9904623477966
  ],
  "Brentwood, NY": [
    40.7812093,
    -73.2462272
  ],
  "Allendale, MI": [
    42.9722455,
    -85.9536534
  ],
  "North Aurora, IL": [
    41.8061399,
    -88.3272951
  ],
  "Hermitage, PA": [
    41.2333897,
    -80.4486799
  ],
  "Dubai, United Arab Emirates": [
    25.2683521,
    55.2961962
  ],
  "Foz de Iguaz\u00fa, Brasil": [
    -25.5208725,
    -54.5763081
  ],
  "Piraju\u00ed, Brasil": [
    -21.9957876,
    -49.4549674
  ],
  "Riga, Latvia": [
    56.9493977,
    24.1051846
  ],
  "Vassouras, Brasil": [
    -22.4040393,
    -43.6633852
  ],
  "S\u00e3o Jo\u00e3o da Boa Vista, Brasil": [
    -21.9778136,
    -46.7881721
  ],
  "Saint Vincent and the Grenadines": [
    12.90447,
    -61.2765568
  ],
  "San Jos\u00e9, Costa Rica": [
    9.9360107,
    -84.0919724335087
  ],
  "Uruguay": [
    -32.8755547,
    -56.0201524
  ],
  "Iju\u00ed, Brasil": [
    41.4739419,
    -81.537067
  ],
  "S\u00e3o Jos\u00e9, Brasil": [
    -27.6162334,
    -48.6270135
  ],
  "Vicente L\u00f3pez, Argentina": [
    -34.5244483,
    -58.5036281
  ],
  "Franklin, TN": [
    35.925193,
    -86.8689364
  ],
  "Arnold, MD": [
    39.0320784,
    -76.502543
  ],
  "Crugers, NY": [
    41.2334275,
    -73.9226382
  ],
  "Salina Cruz, Oaxaca": [
    16.1977499,
    -95.2131768426748
  ],
  "Saint Lucia": [
    13.8250489,
    -60.9750359
  ],
  "Beaver Dam, KY": [
    37.4019918,
    -86.8758255
  ],
  "Dundee, Scotland": [
    56.4593653,
    -2.9735212
  ],
  "Budapest, Hungary": [
    47.4983815,
    19.0404707
  ],
  "League City, TX": [
    29.5074538,
    -95.0949302
  ],
  "Everett, MA": [
    42.40843,
    -71.0536624
  ],
  "Twin Falls, ID": [
    42.5629668,
    -114.460871
  ],
  "Oaxaca de Ju\u00e1rez, Oaxaca": [
    17.0965868,
    -96.7207814690496
  ],
  "Portland, OR": [
    45.5202471,
    -122.6741948
  ],
  "Recklinghausen, Germany": [
    51.6143815,
    7.1978546
  ],
  "B\u00e1lsamo, Brasil": [
    -20.7343721,
    -49.5807483
  ],
  "Danbury, CT": [
    41.394817,
    -73.454011
  ],
  "North Bethesda, MD": [
    39.0461292,
    -77.1130096
  ],
  "Cap\u00e3o da Canoa, Brasil": [
    -29.7542936,
    -50.0215683
  ],
  "Cardiff, Wales": [
    51.4816546,
    -3.1791933
  ],
  "Rio Novo do Sul, Brasil": [
    -20.8641486,
    -40.9384377
  ],
  "Orlando, FL": [
    30.3933795,
    -95.4704202751715
  ],
  "Bellevue, NE": [
    41.1366494,
    -95.8907372
  ],
  "Logan, UT": [
    41.7313447,
    -111.834863
  ],
  "Huntington, WV": [
    38.4192496,
    -82.4451539
  ],
  "Nil\u00f3polis, Brasil": [
    -22.8080113,
    -43.4138221
  ],
  "Otford, South East": [
    51.3125727,
    0.189574
  ],
  "Franco da Rocha, Brasil": [
    -23.3328037,
    -46.7244459
  ],
  "Manat\u00ed, Puerto Rico": [
    18.4182467,
    -66.4917798720554
  ],
  "Jacinto City, TX": [
    29.7673433,
    -95.2336722
  ],
  "Cascais, Portugal": [
    38.72240025,
    -9.39690927422414
  ],
  "El Salvador": [
    13.8000382,
    -88.9140682
  ],
  "Coronel Fabriciano, Brasil": [
    -19.5200066,
    -42.6282685
  ],
  "Poughkeepsie, NY": [
    41.7065779,
    -73.92841
  ],
  "Bol\u00edvar, Venezuela": [
    6.333333,
    -63.4999999
  ],
  "Scottsdale, AZ": [
    33.5091215,
    -111.8992364
  ],
  "Pueblo Viejo, Puerto Rico": [
    18.4127573,
    -66.110848242464
  ],
  "Tom\u00e1s de Castro, Puerto Rico": [
    18.20867495,
    -66.012902788879
  ],
  "Gwalchmai, Wales": [
    53.259854,
    -4.4139516
  ],
  "Frailes, USA": [
    18.37394015,
    -66.1120579128165
  ],
  "Howell, NJ": [
    40.1659101,
    -74.1911587
  ],
  "Arlington, TN": [
    35.2964487,
    -89.6617312
  ],
  "Denton, TX": [
    33.1728435,
    -97.0589863560278
  ],
  "Riverside, CA": [
    33.9533546,
    -117.3961622
  ],
  "North-East Region, Singapore": [
    43.6949544,
    -79.7506433
  ],
  "Hauppauge, NY": [
    40.8256537,
    -73.2026137
  ],
  "Johnson Village, CO": [
    38.8108291,
    -106.1066834
  ],
  "Ibitinga, Brasil": [
    -21.7562299,
    -48.8319029
  ],
  "Duisburg, Deutschland": [
    51.4349994,
    6.7595621
  ],
  "Cottonwood, CO": [
    39.7633211,
    -105.4247165
  ],
  "Brookings, OR": [
    42.0741015,
    -124.315577141173
  ],
  "KwaLenza, South Africa": [
    null,
    null
  ],
  "Jaboat\u00e3o dos Guararapes, Brasil": [
    -8.1752475,
    -34.9468715
  ],
  "Barrington Village Hall": [
    52.12704195,
    0.0342076067025155
  ],
  "Upper West Side, Manhattan": [
    40.7870455,
    -73.9754162
  ],
  "Paris, France": [
    48.8566101,
    2.3514992
  ],
  "Ilhabela, Brasil": [
    -23.7780599,
    -45.3580599
  ],
  "Perth, Western Australia": [
    -31.952712,
    115.8604796
  ],
  "Milano, Lombardia": [
    45.4667971,
    9.1904984
  ],
  "Memphis, TN": [
    35.1490215,
    -90.0516284
  ],
  "Iquique, Chile": [
    -20.2139618,
    -70.1524716
  ],
  "Santa Maria, CA": [
    34.9531295,
    -120.4358576
  ],
  "Cotia, Brasil": [
    -23.6038889,
    -46.9188889
  ],
  "Sao Paulo, Brazil": [
    -23.5506506,
    -46.6333823
  ],
  "Recife, Brasil": [
    -8.064193,
    -34.8781516
  ],
  "Los Angeles, CA": [
    34.0543942,
    -118.2439408
  ],
  "Jurupa Valley, CA": [
    33.9798472,
    -117.4515753
  ],
  "Nezahualc\u00f3yotl, M\u00e9xico": [
    19.4325047,
    -99.0352119927592
  ],
  "Barcelona, Espa\u00f1a": [
    -21.8691642,
    -43.3180623
  ],
  "Nashville, TN": [
    36.1622296,
    -86.774353
  ],
  "Dickinson, TX": [
    29.4607876,
    -95.0513172
  ],
  "Somerdale, NJ": [
    39.8440027,
    -75.022669
  ],
  "Davie, FL": [
    26.075729,
    -80.2841088753086
  ],
  "Michigan, USA": [
    43.6211955,
    -84.6824345
  ],
  "Federal Way, WA": [
    47.313494,
    -122.3393102
  ],
  "San Crist\u00f3bal, Venezuela": [
    7.7756663,
    -72.2214153
  ],
  "Tabo\u00e3o da Serra, Brasil": [
    -23.6121911,
    -46.7790538
  ],
  "Wichita, KS": [
    37.6922361,
    -97.3375447
  ],
  "Miamisburg, OH": [
    39.6428362,
    -84.2866082
  ],
  "Lincoln, RI": [
    41.9529237,
    -71.4663862
  ],
  "Detroit, MI": [
    42.3486635,
    -83.0567374
  ],
  "Virginia Beach, VA": [
    36.8529841,
    -75.9774182
  ],
  "Sunnyvale, CA": [
    37.3688301,
    -122.0363495
  ],
  "Erechim, Brasil": [
    -27.6350142,
    -52.2737287
  ],
  "Thuwal, Kingdom of Saudi Arabia": [
    22.2833454,
    39.1128145
  ],
  "Luton, England": [
    51.89107295,
    -0.423030307620178
  ],
  "Lagoa Santa, Brasil": [
    -19.6357375,
    -43.8966131
  ],
  "Vancouver, British Columbia": [
    49.2608944,
    -123.1139382
  ],
  "Torre\u00f3n, Coahuila de Zaragoza": [
    25.5426981,
    -103.4105127
  ],
  "Billings, MT": [
    45.7874957,
    -108.4960699
  ],
  "Savannah, TN": [
    35.2248034,
    -88.2492036
  ],
  "Manaus, Brasil": [
    40.9115386,
    -73.7826362
  ],
  "Paxtonia, PA": [
    40.317311,
    -76.7944155
  ],
  "Montr\u00e9al, Qu\u00e9bec": [
    45.5087928,
    -73.5539819
  ],
  "Esparza, Costa Rica": [
    9.99604495,
    -84.625563548427
  ],
  "Richmond, London": [
    51.4613531,
    -0.3032766
  ],
  "Rio Grande, Brasil": [
    -32.0334251,
    -52.0991296
  ],
  "Dom Pedrito, Brasil": [
    -30.9837549,
    -54.6746482
  ],
  "V\u012bti\u0146i, Latvija": [
    56.4941726,
    21.1020963900105
  ],
  "Gainesville, FL": [
    29.651907,
    -82.3247975
  ],
  "Viam\u00e3o, Brasil": [
    -30.0819337,
    -51.0261926
  ],
  "Esteio, Brasil": [
    41.4739419,
    -81.537067
  ],
  "Ecuador": [
    -1.3397667,
    -79.3666964
  ],
  "Surprise, AZ": [
    33.6292271,
    -112.3680188
  ],
  "Hatley, Qu\u00e9bec": [
    45.1858673,
    -71.9367108
  ],
  "Angleton, TX": [
    29.16941,
    -95.4318846
  ],
  "Maine, USA": [
    45.709097,
    -68.85902
  ],
  "Chicago, IL": [
    41.4739419,
    -81.537067
  ],
  "Texas, USA": [
    31.8160381,
    -99.5120985
  ],
  "Cornell\u00e0 de Llobregat, Espa\u00f1a": [
    41.355724,
    2.0706225
  ],
  "Maracay, Venezuela": [
    10.2513662,
    -67.6017244
  ],
  "S\u00e3o Jos\u00e9 do Rio Pardo, Brasil": [
    -21.5959999,
    -46.8628565625111
  ],
  "Kansas City, MO": [
    39.0844687,
    -94.5630297
  ],
  "Curitiba, Brasil": [
    -25.4295696,
    -49.2712361
  ],
  "Londrina, Brasil": [
    -23.3112877,
    -51.1595022
  ],
  "Port St Lucie, FL": [
    27.2939333,
    -80.3503282
  ],
  "District of Columbia, USA": [
    38.8949549,
    -77.0366455
  ],
  "Latrobe, PA": [
    40.3211808,
    -79.379481
  ],
  "Canberra, Australian Capital Territory": [
    -35.2819366,
    149.128894
  ],
  "Belo Horizonte, Brazil": [
    -19.9227317,
    -43.9450947
  ],
  "Tilburg, Nederland": [
    51.57370915,
    5.04393111629414
  ],
  "Sorocaba, Brasil": [
    -23.5016669,
    -47.4580559
  ],
  "Las Piedras, USA": [
    18.19645225,
    -65.8621791924519
  ],
  "Barili, Central Visayas": [
    10.1139278,
    123.5104811
  ],
  "Praia Grande, Brasil": [
    -24.0058329,
    -46.4027779
  ],
  "Palmira, Colombia": [
    3.5844979,
    -76.2231242076936
  ],
  "Kelang, Selangor": [
    3.0539104,
    101.6096613
  ],
  "Malaysia": [
    40.9115386,
    -73.7826362
  ],
  "Baddesley Clinton, England": [
    52.34102585,
    -1.70883449082138
  ],
  "Oakland, CA": [
    37.8044557,
    -122.2713562
  ],
  "San Juan, USA": [
    18.38423905,
    -66.0534398736473
  ],
  "Arequipa, Peru": [
    -16.3333329,
    -71.4999999
  ],
  "Americana, Brasil": [
    -22.7391769,
    -47.3313863
  ],
  "Missouri City, TX": [
    29.6330685,
    -95.5375481980769
  ],
  "Curitiba, Brazil": [
    -25.4295696,
    -49.2712361
  ],
  "Sikeston, MO": [
    36.876719,
    -89.5878578
  ],
  "Mau\u00e1, Brasil": [
    -23.6676699,
    -46.4612629
  ],
  "Redland, FL": [
    25.5284426,
    -80.4903346
  ],
  "Senna Saint Denis, Ile-de-France": [
    null,
    null
  ],
  "Puebla, M\u00e9xico": [
    18.833333,
    -97.9999999
  ],
  "Coral Terrace, FL": [
    25.7459338,
    -80.3044956
  ],
  "Whittier, CA": [
    33.9748932,
    -118.0336974
  ],
  "Blumenau, Brasil": [
    -26.9195566,
    -49.0658024
  ],
  "Forest Acres, SC": [
    34.0193221,
    -80.9898127
  ],
  "Wenatchee, WA": [
    47.4234599,
    -120.3103493
  ],
  "Kuala Lumpur City, Kuala Lumpur Federal Territory": [
    null,
    null
  ],
  "Village Green, PA": [
    39.8695563,
    -75.4274173
  ],
  "Pasadena, TX": [
    29.6910625,
    -95.2091005
  ],
  "Ipatinga, Brasil": [
    -19.4777806,
    -42.5270801
  ],
  "Queens, NY": [
    40.6524927,
    -73.7914213158161
  ],
  "East Lyme, CT": [
    57.3112337,
    22.3326034
  ],
  "Mesquite, TX": [
    32.7666103,
    -96.5994719
  ],
  "Srbija": [
    44.1534121,
    20.55144
  ],
  "Contagem, Brasil": [
    -19.9132748,
    -44.0840952
  ],
  "Valparaiso, IN": [
    33.6292271,
    -112.3680188
  ],
  "Ribeir\u00e3o das Neves, Brasil": [
    -19.77743915,
    -44.0595913204236
  ],
  "Guaruj\u00e1, Brasil": [
    -23.9927767,
    -46.2558331
  ],
  "West Sayville, NY": [
    40.7278763,
    -73.0976117
  ],
  "Hammond, LA": [
    41.5833658,
    -87.5000429
  ],
  "St Charles, MO": [
    38.783194,
    -90.482368
  ],
  "Milan, Lombardy": [
    45.4667971,
    9.1904984
  ],
  "Madison WI": [
    43.074761,
    -89.3837612
  ],
  "Castellammare del Golfo, Sicilia": [
    38.018846,
    12.885837
  ],
  "Portland, ME": [
    43.6610277,
    -70.2548595
  ],
  "La Plata, Argentina": [
    -34.9206796,
    -57.9537637
  ],
  "\u9759\u5ca1 \u6cbc\u6d25\u5e02": [
    35.094699,
    138.866742
  ],
  "Alvorada, Brasil": [
    -29.9985137,
    -51.0773685
  ],
  "Noida, India": [
    28.5726442,
    77.3547609
  ],
  "Indiana, USA": [
    40.3270127,
    -86.1746932
  ],
  "Ponta Grossa, Brasil": [
    -25.0891684,
    -50.1601811
  ],
  "Boa Vista, Brasil": [
    2.8208017,
    -60.6724478
  ],
  "Rio de Janeiro, Brasil": [
    -22.9110136,
    -43.2093726
  ],
  "Honduras": [
    43.6529206,
    -79.3849007
  ],
  "Myrtle Beach, SC": [
    41.4739419,
    -81.537067
  ],
  "Arraial do Cabo, Brasil": [
    -22.9662838,
    -42.0244269
  ],
  "Milwaukee, WI": [
    43.0349931,
    -87.9224969
  ],
  "Amparo, Brasil": [
    -22.6968401,
    -46.7915392956576
  ],
  "San Carlos, Chile": [
    -36.4247971,
    -71.9580805
  ],
  "Santo Andr\u00e9, Brasil": [
    40.9115386,
    -73.7826362
  ],
  "Montes Claros, Brasil": [
    -16.7273537,
    -43.8717675
  ],
  "McLean, VA": [
    38.9342888,
    -77.1776326
  ],
  "Rome, Lazio": [
    41.8935085,
    12.4825526
  ],
  "Canada": [
    61.0666922,
    -107.991707
  ],
  "St Louis Park, MN": [
    44.9475726,
    -93.3569022
  ],
  "New Haven, CT": [
    41.3082138,
    -72.9250517
  ],
  "Itapetininga, Brasil": [
    -23.5886069,
    -48.0483259
  ],
  "Sevilla, Espa\u00f1a": [
    37.3886303,
    -5.995317
  ],
  "Little Rock, AR": [
    34.7464809,
    -92.2895947
  ],
  "Normal, IL": [
    40.5117699,
    -88.9944814
  ],
  "Ey\u00fcp, \u0130stanbul": [
    41.1652867,
    28.8830450303696
  ],
  "Lee's Summit, MO": [
    38.9108408,
    -94.3821723
  ],
  "Lagos, Nigeria": [
    6.4550575,
    3.3941795
  ],
  "Epping, NH": [
    43.0394461,
    -71.0730252
  ],
  "Bacoor, Calabarzon": [
    14.4206407,
    120.969879589149
  ],
  "San Jose, CA": [
    -25.4295696,
    -49.2712361
  ],
  "Barcelona, Spain": [
    41.3825596,
    2.1771353
  ],
  "South Africa": [
    -28.8166235,
    24.991639
  ],
  "Illinois, USA": [
    40.0796319,
    -89.4339808
  ],
  "Gobernador Pi\u00f1ero, Puerto Rico": [
    null,
    null
  ],
  "Cheadle, England": [
    53.3936441,
    -2.2122067
  ],
  "Limeira, Brasil": [
    -22.5647252,
    -47.4016644
  ],
  "Las Condes, Chile": [
    -33.42478675,
    -70.5174806230693
  ],
  "Newport, KY": [
    39.0889469,
    -84.4919523
  ],
  "Sungai Karang, Pahang": [
    3.9058336,
    103.3605326
  ],
  "Wales, United Kingdom": [
    52.2928116,
    -3.7389299
  ],
  "Georgia, USA": [
    32.3293809,
    -83.1137365
  ],
  "Paul\u00ednia, Brasil": [
    -22.763039,
    -47.1532212
  ],
  "Saucillo, Chihuahua": [
    28.0116294,
    -105.29187247314
  ],
  "New Orleans, LA": [
    29.9499323,
    -90.0701155
  ],
  "Mogi das Cruzes, Brasil": [
    -23.5241171,
    -46.1909468
  ],
  "Pearland, TX": [
    29.5639758,
    -95.2864298
  ],
  "Modesto, CA": [
    37.6390972,
    -120.9968781
  ],
  "Zapotl\u00e1n el Grande, Jalisco": [
    19.6973465,
    -103.510647921864
  ],
  "Arcueil, France": [
    48.8021118,
    2.3320692
  ],
  "Algarrobo, USA": [
    18.0819309,
    -66.8648142048728
  ],
  "Palm Springs, CA": [
    33.8246269,
    -116.5403029
  ],
  "Florian\u00f3polis, Brazil": [
    -27.5973001,
    -48.5496097
  ],
  "South East, England": [
    51.4510191,
    -0.993491340497516
  ],
  "Garden Grove, CA": [
    33.7746292,
    -117.9463716
  ],
  "McAllen Convention Center": [
    26.20085405,
    -98.2593798931278
  ],
  "Porto Alegre, Brasil": [
    -30.0282657,
    -51.2284269
  ],
  "Philadelphia, PA": [
    39.9523993,
    -75.1635898
  ],
  "Parkdale, MO": [
    38.4781099,
    -90.522623
  ],
  "Itu, Brasil": [
    -23.2638827,
    -47.2988919
  ],
  "Vega Baja, Puerto Rico": [
    18.41776575,
    -66.3994473204391
  ],
  "Macei\u00f3, Brasil": [
    -9.6476842,
    -35.7339263
  ],
  "Wilkes-Barre, PA": [
    41.2464824,
    -75.8817315
  ],
  "Santa B\u00e1rbara d'Oeste, Brasil": [
    -22.7552559,
    -47.4143079
  ],
  "Santa Mar\u00eda Huatulco, Oaxaca": [
    15.8220916,
    -96.2059858430558
  ],
  "Grecia": [
    39.000041,
    21.9999569
  ],
  "Mumbai, India": [
    18.9523804,
    72.8327112
  ],
  "Sherwood, OR": [
    45.3570983,
    -122.8403569
  ],
  "Mercerville, NJ": [
    40.2370535,
    -74.6865476
  ],
  "Bogot\u00e1, D.C., Colombia": [
    4.63874255,
    -74.085237657545
  ],
  "Haveli, India": [
    28.6073821,
    76.9467388
  ],
  "Washington, DC": [
    38.8949549,
    -77.0366455
  ],
  "Pullman, WA": [
    46.7304268,
    -117.1738949
  ],
  "Pontal do Paran\u00e1, Brasil": [
    -25.6735329,
    -48.5110619
  ],
  "Medina, OH": [
    41.1000764,
    -81.9382516
  ],
  "North Caldwell, NJ": [
    40.8648215,
    -74.2582026
  ],
  "Costa Rica": [
    10.2735633,
    -84.0739101
  ],
  "Fort Worth, TX": [
    32.753177,
    -97.3327458
  ],
  "Anaheim, CA": [
    33.8347516,
    -117.9117319
  ],
  "University, FL": [
    25.7147949,
    -80.2769469
  ],
  "Sunrise Manor, NV": [
    36.2110819,
    -115.0730562
  ],
  "Canoinhas, Brasil": [
    -26.1765909,
    -50.3950009
  ],
  "Toronto, Ontario": [
    43.6529206,
    -79.3849007
  ],
  "Ventura, CA": [
    34.343649,
    -119.295170910504
  ],
  "Canoas, Brasil": [
    -29.9183027,
    -51.1779215
  ],
  "Granite Bay, CA": [
    38.762173,
    -121.185033445684
  ],
  "Indianapolis, IN": [
    29.7782823,
    -95.1718771
  ],
  "Melbourne, Victoria": [
    -37.8142175,
    144.9631608
  ],
  "Tennessee, USA": [
    35.7730076,
    -86.282008
  ],
  "Os\u00f3rio, Brasil": [
    -29.8890327,
    -50.2730223
  ],
  "Sainte-Agathe-des-Monts, Qu\u00e9bec": [
    46.0440349,
    -74.2811554
  ],
  "United States": [
    39.7837304,
    -100.4458824
  ],
  "Norton, MA": [
    41.9667666,
    -71.1869938
  ],
  "Ita\u00faba, Brasil": [
    -11.0067452,
    -55.2437407
  ],
  "Santiago, Dominican Republic": [
    19.4502926,
    -70.6906111
  ],
  "Carapicu\u00edba, Brasil": [
    -23.5234672,
    -46.8406807
  ],
  "Houston, TX": [
    29.7589382,
    -95.3676973
  ],
  "Mechanicsville, VA": [
    37.6193174,
    -77.3369626
  ],
  "Salvador, Brasil": [
    -12.9822498,
    -38.4812771
  ],
  "Osasco, Brasil": [
    -23.5324858,
    -46.79168
  ],
  "Des Moines, IA": [
    41.5910641,
    -93.6037148
  ],
  "Castilho, Brasil": [
    -20.8695635,
    -51.4877791
  ],
  "Guatemala": [
    15.6356088,
    -89.8988086
  ],
  "Castaic, CA": [
    34.4888822,
    -118.6228655
  ],
  "Raul Soares, Brasil": [
    -20.1022219,
    -42.4519439
  ],
  "Nicaragua": [
    12.3724928,
    -84.8700307
  ],
  "Surrey, British Columbia": [
    49.1850834,
    -122.8446548
  ],
  "New York, USA": [
    40.7305991,
    -73.9865811
  ],
  "S\u00e3o Caetano do Sul, Brasil": [
    -23.6195922,
    -46.5688322
  ],
  "Corrientes, Argentina": [
    -27.4720341,
    -58.8328657
  ],
  "Union City, CA": [
    37.5963232,
    -122.0816296
  ],
  "Cerro Gordo, Puerto Rico": [
    41.4739419,
    -81.537067
  ],
  "Cresson, PA": [
    40.4597938,
    -78.5916836
  ],
  "Louisiana, USA": [
    30.8703881,
    -92.0071259
  ],
  "Jefferson City, TN": [
    36.122311,
    -83.492396
  ],
  "Belford Roxo, Brasil": [
    -22.7667283,
    -43.4033602
  ],
  "Montenegro, Brasil": [
    -29.6826111,
    -51.4687454
  ],
  "Avellaneda, Argentina": [
    -30.5950932,
    -64.2086788
  ],
  "Buenos Aires, Argentina": [
    -34.6143904,
    -58.4460878
  ],
  "Roma, Lazio": [
    41.8935085,
    12.4825526
  ],
  "Trujillo Alto, Puerto Rico": [
    18.33707575,
    -66.0017420027996
  ],
  "Pinhais, Brasil": [
    -25.4429488,
    -49.1926699
  ],
  "Cuernavaca, Morelos": [
    18.9212464,
    -99.2341208
  ],
  "Maring\u00e1, Brasil": [
    -23.425104,
    -51.9382845
  ],
  "Belo Horizonte, Brasil": [
    -19.9227317,
    -43.9450947
  ],
  "Bras\u00edlia, Brasil": [
    -10.3333332,
    -53.1999999
  ],
  "Santo \u00c2ngelo, Brasil": [
    -28.300048,
    -54.266997
  ],
  "Ballston-Virginia Square, Arlington": [
    38.8820057,
    -77.111514
  ],
  "Dothan, AL": [
    31.158522,
    -85.426966199239
  ],
  "South Lyon, MI": [
    42.451377,
    -83.6591789
  ],
  "Sydney, New South Wales": [
    -33.8548156,
    151.2164539
  ],
  "Suzano, Brasil": [
    -23.5427841,
    -46.310839
  ],
  "Country Club, FL": [
    25.9481487,
    -80.3169952
  ],
  "\u53f0\u5317\u5e02, \u53f0\u7063": [
    25.0375167,
    121.5637
  ],
  "Acapulco de Ju\u00e1rez, Guerrero": [
    16.95879645,
    -99.6951334710223
  ],
  "S\u00e3o Jos\u00e9 do Norte, Brasil": [
    -32.0145181,
    -52.0406081
  ],
  "St Stephens, NC": [
    35.7645767,
    -81.2731397
  ],
  "Bayam\u00f3n, USA": [
    18.398755,
    -66.1559563
  ],
  "Ocoyoacac, M\u00e9xico": [
    19.2587373,
    -99.4177777597143
  ],
  "Urussanga, Brasil": [
    -28.5220717,
    -49.3183677
  ],
  "Charleston, SC": [
    32.7876012,
    -79.9402727
  ],
  "S\u00e3o Bento do Sul, Brasil": [
    -26.2483668,
    -49.3820671
  ],
  "Ca\u00f1aboncito, Puerto Rico": [
    18.2081564,
    -66.0933898364329
  ]
}